{"cameraMode":{"drawMode":0,"name":"Shaded","section":"Shading Mode"},"sceneLighting":true,"audioPlay":false,"sceneViewState":{"m_AlwaysRefresh":false,"showFog":true,"showSkybox":true,"showFlares":true,"showImageEffects":true,"showParticleSystems":true,"showVisualEffectGraphs":true,"m_FxEnabled":true},"in2DMode":false,"pivot":{"x":1.0700578689575196,"y":2.865321159362793,"z":1.0643291473388672},"rotation":{"x":-0.17648065090179444,"y":0.48086971044540408,"z":-0.09948158264160156,"w":-0.8530676960945129},"size":19.547767639160158,"orthographic":true}