{"cameraMode":{"drawMode":0,"name":"Shaded","section":"Shading Mode"},"sceneLighting":true,"audioPlay":false,"sceneViewState":{"m_AlwaysRefresh":false,"showFog":true,"showSkybox":true,"showFlares":true,"showImageEffects":true,"showParticleSystems":true,"showVisualEffectGraphs":true,"m_FxEnabled":true},"in2DMode":false,"pivot":{"x":-0.4131183624267578,"y":-0.16443383693695069,"z":0.3690945506095886},"rotation":{"x":-0.18213917315006257,"y":0.799035370349884,"z":-0.29694363474845889,"w":-0.4901118576526642},"size":0.9459901452064514,"orthographic":false}