{"cameraMode":{"drawMode":0,"name":"Shaded","section":"Shading Mode"},"sceneLighting":true,"audioPlay":false,"sceneViewState":{"m_AlwaysRefresh":false,"showFog":true,"showSkybox":true,"showFlares":true,"showImageEffects":true,"showParticleSystems":true,"showVisualEffectGraphs":true,"m_FxEnabled":true},"in2DMode":false,"pivot":{"x":2.890183925628662,"y":5.474742412567139,"z":-4.211402893066406},"rotation":{"x":-0.027280617505311967,"y":0.04406891018152237,"z":-0.0012155314907431603,"w":-0.9986762404441834},"size":11.906261444091797,"orthographic":false}